Where is my order?, 1
Which location is my order at?, 1
What is the current status of my order?, 1
How do I track my order?, 1
Please let me know the status of my order?, 1
What is the current location of my order?, 1
Where is the location of my order now?, 1
Please check and update me on my order status, 1






When is my order going to be delivered?, 2
Time update?, 2
Is my order on schedule?, 2
has my order been dispatched ?, 2
can my product dispatched early?, 2
how long will my product take for shipping?, 2
how long will my product take time to get delivered ?, 2
is my product out for delivery?, 2
when my product will be delivered?, 2
how long will take for my order to reach?, 2
how much more time is required for delivery of my order?, 2